ID,EQUIPO,LOCALIZACION,SISTEMA,TAGNAME,CODE_QR,QR_CONTENT,ADVERTENCIA,ARCHIVO_PNG
1,BOOSTER,1,TURBINA BG-1,MOT-6241,11-MOT-6241,11-MOT-6241,,LC1_11-MOT-6241.png
2,NOX-LIQUIDO,2,TURBINA BG-1,MOT-6242,11-MOT-6242,11-MOT-6242,,LC2_11-MOT-6242.png
3,NOX-GAS,3,TURBINA BG-1,MOT-62059,11-MOT-62059,11-MOT-62059,,LC3_11-MOT-62059.png
4,VENT TURB A,4,TURBINA BG-1,MOT-6417,11-MOT-6417,11-MOT-6417,,LC4_11-MOT-6417.png
5,VENT TURB B,5,TURBINA BG-1,MOT-6418,11-MOT-6418,11-MOT-6418,,LC5_11-MOT-6418.png
11,VENT GEN A,6,TURBINA BG-1,MOT-6413,11-MOT-6413,11-MOT-6413,,LC6_11-MOT-6413.png
12,VENT GEN B,7,TURBINA BG-1,MOT-6416,11-MOT-6416,11-MOT-6416,,LC7_11-MOT-6416.png
6,BOOSTER,8,TURBINA BG-2,MOT-6241,12-MOT-6241,12-MOT-6241,,LC8_12-MOT-6241.png
7,NOX-LIQUIDO,9,TURBINA BG-2,MOT-6242,12-MOT-6242,12-MOT-6242,,LC9_12-MOT-6242.png
8,NOX-GAS,10,TURBINA BG-2,MOT-62059,12-MOT-62059,12-MOT-62059,,LC10_12-MOT-62059.png
9,VENT TURB A,11,TURBINA BG-2,MOT-6417,12-MOT-6417,12-MOT-6417,,LC11_12-MOT-6417.png
10,VENT TURB B,12,TURBINA BG-2,MOT-6418,12-MOT-6418,12-MOT-6418,,LC12_12-MOT-6418.png
13,VENT GEN A,13,TURBINA BG-2,MOT-6413,12-MOT-6413,12-MOT-6413,,LC13_12-MOT-6413.png
14,VENT GEN B,14,TURBINA BG-2,MOT-6416,12-MOT-6416,12-MOT-6416,,LC14_12-MOT-6416.png
15,FIN FAN A,15,TURBINA BG-1,MOT-6090,11-MOT-6090,11-MOT-6090,,LC15_11-MOT-6090.png
16,FIN FAN B,16,TURBINA BG-2,MOT-6091,12-MOT-6091,12-MOT-6091,,LC16_12-MOT-6091.png
17,FIN FAN B,17,TURBINA BG-1,MOT-6091,11-MOT-6091,11-MOT-6091,,LC17_11-MOT-6091.png
18,FIN FAN A,18,TURBINA BG-2,MOT-6090,12-MOT-6090,12-MOT-6090,,LC18_12-MOT-6090.png
33,HYD-STR,19,TURBINA BG-1,MOT-1615,11-MOT-1615,11-MOT-1615,,LC19_11-MOT-1615.png
31,SPRINT,20,TURBINA BG-1,MOT-62226,11-MOT-62226,11-MOT-62226,,LC20_11-MOT-62226.png
34,HYD-STR,21,TURBINA BG-2,MOT-1615,12-MOT-1615,12-MOT-1615,,LC21_12-MOT-1615.png
32,SPRINT,22,TURBINA BG-2,MOT-62226,12-MOT-62226,12-MOT-62226,,LC22_12-MOT-62226.png
39,11DW-02A,23,DEMINERALIZED WATER,11-DW-CP-002A,11-DW-CP-002A,11-DW-CP-002A,,LC23_11-DW-CP-002A.png
40,11DW-02B,24,DEMINERALIZED WATER,11-DW-CP-002B,11-DW-CP-002B,11-DW-CP-002B,,LC24_11-DW-CP-002B.png
41,11DW-02C,25,DEMINERALIZED WATER,11-DW-CP-002C,11-DW-CP-002C,11-DW-CP-002C,,LC25_11-DW-CP-002C.png
42,12DW-02A,26,DEMINERALIZED WATER,12-DW-CP-002A,12-DW-CP-002A,12-DW-CP-002A,,LC26_12-DW-CP-002A.png
43,12DW-02B,27,DEMINERALIZED WATER,12-DW-CP-002B,12-DW-CP-002B,12-DW-CP-002B,,LC27_12-DW-CP-002B.png
44,12DW-02C,28,DEMINERALIZED WATER,12-DW-CP-002C,12-DW-CP-002C,12-DW-CP-002C,,LC28_12-DW-CP-002C.png
45,10DW-03A,29,DEMINERALIZED WATER,10-DW-CP-003A,10-DW-CP-003A,10-DW-CP-003A,,LC29_10-DW-CP-003A.png
46,10DW-03B,30,DEMINERALIZED WATER,10-DW-CP-003B,10-DW-CP-003B,10-DW-CP-003B,,LC30_10-DW-CP-003B.png
28,10FW-01,31,S.C.I,SCI ELECTRIC MOTOR,SCI ELECTRIC MOTOR,SCI ELECTRIC MOTOR,,LC31_SCI_ELECTRIC_MOTOR.png
29,10FW-02,32,S.C.I,DIESEL MOTOR,DIESEL MOTOR,DIESEL MOTOR,,LC32_DIESEL_MOTOR.png
30,10FW-03,33,S.C.I,JOCKEY MOTOR,JOCKEY MOTOR,JOCKEY MOTOR,,LC33_JOCKEY_MOTOR.png
19,11FO-04A,34,FUEL OIL,11-FO-CP-004A,11-FO-CP-004A,11-FO-CP-004A,,LC34_11-FO-CP-004A.png
20,11FO-04B,35,FUEL OIL,11-FO-CP-004B,11-FO-CP-004B,11-FO-CP-004B,,LC35_11-FO-CP-004B.png
21,11FO-04C,36,FUEL OIL,11-FO-CP-004C,11-FO-CP-004C,11-FO-CP-004C,,LC36_11-FO-CP-004C.png
22,12FO-04A,37,FUEL OIL,12-FO-CP-004A,12-FO-CP-004A,12-FO-CP-004A,,LC37_12-FO-CP-004A.png
23,12FO-04B,38,FUEL OIL,12-FO-CP-004B,12-FO-CP-004B,12-FO-CP-004B,,LC38_12-FO-CP-004B.png
24,12FO-04C,39,FUEL OIL,12-FO-CP-004C,12-FO-CP-004C,12-FO-CP-004C,,LC39_12-FO-CP-004C.png
25,12-05-DO-EM101-S,40,CENTRIFUGADORAS,12-05-DO-EM101-S,12-05-DO-EM101-S,12-05-DO-EM101-S,,LC40_12-05-DO-EM101-S.png
26,12-05-DO-EM101-D,41,CENTRIFUGADORAS,12-05-DO-EM101-D,12-05-DO-EM101-D,12-05-DO-EM101-D,,LC41_12-05-DO-EM101-D.png
27,12-05-DO-EM201,42,CENTRIFUGADORAS,12-05-DO-EM201,12-05-DO-EM201,12-05-DO-EM201,,LC42_12-05-DO-EM201.png
47,17-06-DO_EM101_S,43,CENTRIFUGADORAS,17-06-DO_EM101_S,17-06-DO_EM101_S,17-06-DO_EM101_S,,LC43_17-06-DO_EM101_S.png
48,17-06-DO_EM101_D,44,CENTRIFUGADORAS,17-06-DO_EM101_D,17-06-DO_EM101_D,17-06-DO_EM101_D,,LC44_17-06-DO_EM101_D.png
49,17-06-DO_EM201,45,CENTRIFUGADORAS,17-06-DO_EM201,17-06-DO_EM201,17-06-DO_EM201,,LC45_17-06-DO_EM201.png
50,B_NOX,46,SKID DE PRUEBA,B_NOX,B_NOX,B_NOX,,LC46_B_NOX.png
51,VENT,47,SKID DE PRUEBA,VENT,VENT,VENT,,LC47_VENT.png
35,10PW-01A,48,AGUA POTABLE,10-PW-CP-001A,10-PW-CP-001A,10-PW-CP-001A,,LC48_10-PW-CP-001A.png
36,10PW-01B,49,AGUA POTABLE,10-PW-CP-001B,10-PW-CP-001B,10-PW-CP-001B,,LC49_10-PW-CP-001B.png
37,10RW-02A,50,AGUA POTABLE,10-RW-CP-002A,10-RW-CP-002A,10-RW-CP-002A,,LC50_10-RW-CP-002A.png
38,10RW-02B,51,AGUA POTABLE,10-RW-CP-002B,10-RW-CP-002B,10-RW-CP-002B,,LC51_10-RW-CP-002B.png
